Karthik, Rachamalli, 14-09-1995
Lakshmi, Murikipudi, 13-08-1995
Avinash, Paduri, 11-11-1995
Ajay, Kolla, 06-09-1995
John, Doe, 19-12-1995
Emily, Smith, 23-07-1994
Daniel, Johnson, 03-04-1996
Priya, Reddy, 28-02-1997
Samuel, Williams, 15-10-1993
Sophia, Brown, 08-06-1995
Rahul, Patel, 21-03-1996
Emma, Davis, 17-09-1994
Alex, Miller, 02-11-1995
Maya, Anderson, 12-07-1996
Arjun, Kumar, 25-01-1997
Olivia, White, 09-04-1994
Liam, Martin, 05-12-1995
Aria, Taylor, 30-08-1996
Naveen, Gupta, 14-06-1997
Chloe, Wilson, 18-03-1995
Gavin, Clark, 07-11-1994
Ava, Thomas, 22-09-1996
Ethan, Lewis, 16-05-1997
Mia, Hall, 10-02-1994
Lucas, Turner, 26-12-1995
Harper, Hayes, 20-10-1996
Aiden, Cook, 04-08-1997
Zoey, Stewart, 29-01-1995
Caleb, Ward, 13-07-1996
Stella, Evans, 09-04-1997
Jackson, Foster, 03-11-1994
Isabella, Morgan, 27-06-1995
Ryan, Phillips, 21-02-1996
Sophia, Edwards, 15-09-1997
Mason, Bell, 10-05-1994
Lily, Murphy, 04-01-1996
Oliver, Reed, 18-08-1997
Ava, Robinson, 22-04-1994
Noah, Perry, 26-12-1995
Mia, Brooks, 10-10-1996
Elijah, Hayes, 03-07-1997
Grace, Bryant, 27-03-1994
Logan, Price, 21-11-1995
Emma, Woods, 15-09-1996
Lucas, Ford, 09-05-1997
Harper, Reed, 04-02-1994
Liam, Howard, 18-10-1995
Zoe, Cooper, 12-06-1996
Ethan, Sanders, 06-03-1997
Olivia, King, 30-11-1994
Ava, Brooks, 24-07-1995
Mason, Simmons, 17-04-1996
Amelia, Patterson, 11-12-1997
Jackson, Perry, 05-08-1994
Chloe, Bell, 29-04-1995
Aiden, Turner, 23-01-1996
Sophia, Carter, 16-09-1997
Caleb, Foster, 10-05-1994
Lily, Bennett, 03-12-1995
Noah, Mitchell, 27-08-1996
Mia, Hayes, 21-04-1997
Oliver, Taylor, 15-01-1994
Emma, Cox, 08-10-1995
Lucas, Brooks, 02-06-1996
Harper, Nelson, 26-02-1997
Liam, Adams, 20-11-1994
Zoey, Wright, 14-07-1995
Elijah, Turner, 08-04-1996
Ava, Hill, 01-12-1997
Grace, Reed, 25-08-1994
Logan, Gray, 19-05-1995
Amelia, Ward, 13-01-1996
Jackson, Lewis, 06-09-1997
Chloe, Adams, 30-03-1994
Aiden, Bennett, 23-11-1995
Sophia, Phillips, 17-07-1996
Caleb, Green, 11-04-1997
Lily, Turner, 05-01-1994
Noah, Bryant, 29-09-1995
Mia, Russell, 22-06-1996
Oliver, Sanders, 16-02-1997
Emma, Davis, 10-10-1994
Lucas, Stewart, 04-07-1995
Harper, Morgan, 28-03-1996
Liam, Hayes, 22-11-1997
Zoey, Robinson, 16-08-1994
Elijah, Turner, 09-05-1995
Ava, Bell, 03-01-1996
Grace, Cox, 27-09-1997
Logan, Hayes, 21-04-1994
Amelia, Foster, 15-12-1995
Jackson, Perry, 09-08-1996
Chloe, Simmons, 02-04-1997
Aiden, Mitchell, 26-12-1994
Sophia, Hayes, 20-10-1995
Caleb, Taylor, 14-06-1996
Lily, Brooks, 08-02-1997
Noah, Turner, 02-09-1994
Mia, Wright, 27-05-1995
Oliver, Hill, 20-01-1996